vmstat_r,vmstat_b,vmstat_swpd,vmstat_free,vmstat_buff,vmstat_cache,vmstat_si,vmstat_so,vmstat_bi,vmstat_bo,vmstat_in,vmstat_cs,vmstat_us,vmstat_sy,vmstat_id,vmstat_wa,vmstat_st,timestamp,iostat_disk_device,iostat_tps,iostat_kB_read/s,iostat_kB_wrtn/s,iostat_kB_read,iostat_kB_wrtn
1,0,4352,1136872,983616,2958972,0,0,121,38,532,25,17,9,73,0,0,1636449749,sdb,0.41,5.86,0.6,65543,6760
1,0,4352,1135744,983624,2959584,0,0,0,616,5460,10712,24,13,63,0,0,1636449750,sdb,26.0,1112.0,0.0,1112,0
0,0,4352,1135492,983624,2959404,0,0,0,444,2208,2280,8,4,87,0,0,1636449751,sdb,0.0,0.0,0.0,0,0
0,0,4352,1131356,983624,2959696,0,0,0,1352,4333,5300,15,7,78,0,0,1636449752,sdb,0.0,0.0,0.0,0,0
0,0,4352,1131500,983632,2959880,0,0,0,1360,3235,3708,16,6,69,9,0,1636449753,sdb,2.0,0.0,12.0,0,12
1,0,4352,1131812,983644,2958728,0,0,0,844,1922,2191,5,3,92,0,0,1636449754,sdb,0.0,0.0,0.0,0,0
2,0,4352,1132556,983644,2958372,0,0,0,0,3382,3483,8,6,87,0,0,1636449755,sdb,0.0,0.0,0.0,0,0
0,0,4352,1129632,983644,2960912,0,0,0,756,3061,3208,10,5,85,0,0,1636449756,sdb,0.0,0.0,0.0,0,0
1,0,4352,1129588,983644,2960600,0,0,0,1516,3392,4182,11,5,84,0,0,1636449757,sdb,0.0,0.0,0.0,0,0
1,0,4352,1129168,983652,2961400,0,0,0,908,4842,6253,21,9,58,12,0,1636449758,sdb,1.0,0.0,12.0,0,12
0,0,4352,1129704,983668,2960980,0,0,0,536,2034,1952,7,4,90,0,0,1636449759,sdb,1.0,0.0,0.0,0,0
0,0,4352,1130780,983668,2960028,0,0,0,456,3287,3639,8,5,87,0,0,1636449760,sdb,0.0,0.0,0.0,0,0
0,0,4352,1131080,983668,2958548,0,0,0,456,2225,1988,9,4,87,0,0,1636449761,sdb,0.0,0.0,0.0,0,0
1,0,4352,1130900,983668,2958828,0,0,0,1208,2756,3492,10,5,86,0,0,1636449762,sdb,0.0,0.0,0.0,0,0
0,0,4352,1127000,983676,2958956,0,0,0,1580,3646,4467,13,6,68,14,0,1636449763,sdb,1.0,0.0,8.0,0,8
0,0,4352,1126840,983688,2958384,0,0,0,124,1817,2107,6,3,91,0,0,1636449764,sdb,1.0,0.0,4.0,0,4
0,0,4352,1126804,983688,2958484,0,0,0,448,2237,2131,8,4,88,0,0,1636449765,sdb,0.0,0.0,0.0,0,0
0,0,4352,1126676,983688,2958488,0,0,0,468,3059,3536,7,4,89,0,0,1636449766,sdb,0.0,0.0,0.0,0,0
1,0,4352,1126060,983688,2958852,0,0,0,1052,2628,3131,10,4,86,0,0,1636449767,sdb,0.0,0.0,0.0,0,0
0,0,4352,1126092,983696,2958732,0,0,0,864,4116,5666,12,7,67,14,0,1636449768,sdb,1.0,0.0,8.0,0,8
2,0,4352,1127720,983708,2957228,0,0,4,3824,1912,1890,7,4,90,0,0,1636449769,sdb,1.0,0.0,4.0,0,4
0,0,4352,1127280,983708,2957192,0,0,0,464,2599,2648,13,4,83,0,0,1636449770,sdb,0.0,0.0,0.0,0,0
0,0,4352,1127336,983708,2956920,0,0,0,296,3060,3387,6,4,89,0,0,1636449771,sdb,0.0,0.0,0.0,0,0
0,0,4352,1127224,983708,2957448,0,0,0,772,2643,3222,10,5,85,0,0,1636449772,sdb,0.0,0.0,0.0,0,0
0,0,4352,1127216,983716,2957432,0,0,0,1352,2890,3399,14,6,66,14,0,1636449773,sdb,1.0,0.0,8.0,0,8
0,0,4352,1127784,983724,2956888,0,0,0,192,3277,3657,6,4,89,0,0,1636449774,sdb,1.0,0.0,4.0,0,4
0,0,4352,1127972,983724,2956960,0,0,0,152,2222,2167,6,5,90,0,0,1636449775,sdb,0.0,0.0,0.0,0,0
0,0,4352,1127620,983724,2956932,0,0,0,456,3551,3870,10,5,85,0,0,1636449776,sdb,0.0,0.0,0.0,0,0
0,0,4352,1128580,983724,2956876,0,0,0,1484,3976,4537,11,6,83,0,0,1636449777,sdb,0.0,0.0,0.0,0,0
0,0,4352,1128020,983732,2957456,0,0,0,1432,3793,5113,14,7,67,13,0,1636449778,sdb,1.0,0.0,8.0,0,8
0,0,4352,1128052,983740,2956960,0,0,0,376,2511,2568,5,4,91,0,0,1636449779,sdb,2.0,0.0,56.0,0,56
1,0,4352,1128232,983740,2956896,0,0,0,592,2199,2387,8,4,89,0,0,1636449780,sdb,0.0,0.0,0.0,0,0
0,0,4352,1127848,983740,2956824,0,0,0,152,2075,2066,6,4,90,0,0,1636449781,sdb,0.0,0.0,0.0,0,0
0,0,4352,1127908,983740,2956804,0,0,0,908,3729,4767,10,5,85,0,0,1636449782,sdb,0.0,0.0,0.0,0,0
0,1,4352,1127396,983748,2957464,0,0,0,928,3071,3705,14,6,67,14,0,1636449783,sdb,1.0,0.0,20.0,0,20
0,0,4352,1127568,983760,2956936,0,0,0,432,2929,3440,5,4,91,0,0,1636449784,sdb,1.0,0.0,4.0,0,4
0,0,4352,1127824,983760,2956892,0,0,0,600,2037,1924,6,4,90,0,0,1636449785,sdb,1.0,0.0,12.0,0,12
0,0,4352,1127664,983760,2956892,0,0,0,588,3084,3358,8,5,88,0,0,1636449786,sdb,0.0,0.0,0.0,0,0
0,0,4352,1127288,983760,2957916,0,0,0,1048,2631,2931,9,5,86,0,0,1636449787,sdb,0.0,0.0,0.0,0,0
0,0,4352,1126924,983768,2958304,0,0,0,1504,3888,5357,12,6,69,13,0,1636449788,sdb,1.0,0.0,20.0,0,20
0,0,4352,1127728,983776,2957048,0,0,0,196,1715,1696,6,3,91,0,0,1636449789,sdb,1.0,0.0,4.0,0,4
0,0,4352,1128268,983776,2956916,0,0,0,904,2364,2398,8,4,88,0,0,1636449790,sdb,1.0,0.0,12.0,0,12
0,0,4352,1128332,983776,2956964,0,0,0,940,2024,1791,7,3,90,0,0,1636449791,sdb,0.0,0.0,0.0,0,0
0,0,4352,1128132,983776,2956916,0,0,0,1084,3409,4423,9,5,86,0,0,1636449792,sdb,0.0,0.0,0.0,0,0
0,0,4352,1127372,983784,2957348,0,0,0,1220,3051,3427,15,6,79,1,0,1636449793,sdb,2.0,0.0,24.0,0,24
0,0,4352,1127424,983792,2956984,0,0,0,644,2463,3006,7,3,90,0,0,1636449794,sdb,0.0,0.0,0.0,0,0
0,0,4352,1127044,983792,2956988,0,0,0,464,2188,2153,7,4,89,0,0,1636449795,sdb,0.0,0.0,0.0,0,0
0,0,4352,1127172,983792,2956924,0,0,0,320,2987,3356,9,4,88,0,0,1636449796,sdb,1.0,0.0,12.0,0,12
0,0,4352,1127132,983792,2956936,0,0,0,1376,2603,2910,9,5,85,0,0,1636449797,sdb,0.0,0.0,0.0,0,0
0,0,4352,1126620,983800,2957544,0,0,0,1384,3065,3853,11,5,83,1,0,1636449798,sdb,2.0,0.0,24.0,0,24
0,0,4352,1126240,983808,2957024,0,0,0,712,2661,2837,5,3,92,0,0,1636449799,sdb,0.0,0.0,0.0,0,0
1,0,4352,1126200,983808,2956948,0,0,0,912,2357,2443,8,5,87,0,0,1636449800,sdb,0.0,0.0,0.0,0,0
1,0,4352,1126448,983808,2956952,0,0,0,152,1737,1819,5,4,92,0,0,1636449801,sdb,1.0,0.0,12.0,0,12
0,0,4352,1126248,983808,2956952,0,0,0,1664,3508,4538,12,5,82,0,0,1636449802,sdb,0.0,0.0,0.0,0,0
1,0,4352,1125644,983816,2957664,0,0,0,936,2885,3418,9,5,84,1,0,1636449803,sdb,2.0,0.0,24.0,0,24
0,0,4352,1125548,983824,2957360,0,0,0,768,2792,3710,5,4,91,0,0,1636449804,sdb,0.0,0.0,0.0,0,0
3,0,4352,1125508,983824,2956972,0,0,0,468,2110,1971,11,3,86,0,0,1636449805,sdb,0.0,0.0,0.0,0,0
0,0,4352,1125524,983824,2956960,0,0,0,160,2667,3232,6,5,89,0,0,1636449806,sdb,0.0,0.0,0.0,0,0
0,0,4352,1124704,983824,2957916,0,0,0,924,2624,3260,10,5,85,0,0,1636449807,sdb,1.0,0.0,8.0,0,8
0,0,4352,1124624,983824,2958748,0,0,0,896,3165,3735,16,7,77,0,0,1636449808,sdb,0.0,0.0,0.0,0,0
0,0,4352,1124856,983840,2957604,0,0,0,512,1586,1562,5,3,91,1,0,1636449809,sdb,1.0,0.0,20.0,0,20
1,0,4352,1125152,983840,2957100,0,0,0,456,3341,3966,8,5,87,0,0,1636449810,sdb,1.0,0.0,4.0,0,4
0,0,4352,1125340,983840,2956968,0,0,0,768,2038,1848,7,4,90,0,0,1636449811,sdb,0.0,0.0,0.0,0,0
0,0,4352,1125040,983840,2956920,0,0,0,1208,3262,4619,9,5,87,0,0,1636449812,sdb,1.0,0.0,12.0,0,12
0,0,4352,1124628,983840,2957620,0,0,0,1076,3058,3416,11,5,84,0,0,1636449813,sdb,0.0,0.0,0.0,0,0
0,0,4352,1123932,983856,2957608,0,0,0,216,2540,3264,6,4,89,1,0,1636449814,sdb,1.0,0.0,20.0,0,20
1,0,4352,1123916,983856,2957128,0,0,0,780,2239,2025,7,5,88,0,0,1636449815,sdb,1.0,0.0,4.0,0,4
2,0,4352,1124172,983856,2957124,0,0,0,436,2512,3039,7,4,90,0,0,1636449816,sdb,0.0,0.0,0.0,0,0
1,0,4352,1124164,983856,2957028,0,0,0,1200,2614,2949,8,5,87,0,0,1636449817,sdb,1.0,0.0,12.0,0,12
1,0,4352,1123996,983856,2957660,0,0,0,760,3413,4315,15,9,76,0,0,1636449818,sdb,0.0,0.0,0.0,0,0
0,0,4352,1124304,983872,2957632,0,0,0,508,1528,1563,4,3,92,1,0,1636449819,sdb,0.0,0.0,0.0,0,0
1,0,4352,1124272,983872,2957104,0,0,0,208,2895,3494,8,5,87,0,0,1636449820,sdb,2.0,0.0,24.0,0,24
0,0,4352,1124020,983872,2956936,0,0,0,428,1753,1675,7,3,90,0,0,1636449821,sdb,0.0,0.0,0.0,0,0
0,0,4352,1123664,983872,2957080,0,0,0,620,3392,4733,12,5,83,0,0,1636449822,sdb,0.0,0.0,0.0,0,0
0,0,4352,1123556,983872,2957616,0,0,0,640,2887,3491,10,5,85,0,0,1636449823,sdb,1.0,0.0,12.0,0,12
2,0,4352,1123364,983896,2957656,0,0,0,384,2296,3170,5,3,91,1,0,1636449824,sdb,0.0,0.0,0.0,0,0
1,0,4352,1123268,983896,2957136,0,0,0,432,2110,2065,6,4,90,0,0,1636449825,sdb,2.0,0.0,24.0,0,24
0,0,4352,1123268,983896,2957148,0,0,0,448,1821,2106,5,3,92,0,0,1636449826,sdb,0.0,0.0,0.0,0,0
2,0,4352,1122892,983896,2958192,0,0,0,600,3655,4278,9,6,85,0,0,1636449827,sdb,0.0,0.0,0.0,0,0
1,0,4352,1123204,983896,2958140,0,0,0,1216,2917,3649,9,5,86,0,0,1636449828,sdb,0.0,0.0,0.0,0,0
1,0,4352,1123916,983904,2957664,0,0,0,504,1679,1563,5,3,92,0,0,1636449829,sdb,0.0,0.0,0.0,0,0
2,0,4352,1123776,983912,2957616,0,0,0,304,2812,3436,8,4,87,1,0,1636449830,sdb,2.0,0.0,12.0,0,12
0,0,4352,1123800,983912,2957164,0,0,0,152,2074,2373,4,3,93,0,0,1636449831,sdb,0.0,0.0,0.0,0,0
2,0,4352,1123680,983912,2957172,0,0,0,1516,3119,4193,10,4,86,0,0,1636449832,sdb,0.0,0.0,0.0,0,0
1,0,4352,1123516,983912,2957124,0,0,0,1324,2960,3369,12,6,83,0,0,1636449833,sdb,0.0,0.0,0.0,0,0
0,0,4352,1123864,983920,2957460,0,0,0,352,2239,2939,4,4,92,0,0,1636449834,sdb,0.0,0.0,0.0,0,0
2,0,4352,1123704,983928,2957700,0,0,0,496,2537,2540,6,5,88,1,0,1636449835,sdb,2.0,0.0,12.0,0,12
1,0,4352,1123832,983928,2957188,0,0,0,336,1728,1961,6,3,91,0,0,1636449836,sdb,0.0,0.0,0.0,0,0
1,0,4352,1123340,983928,2957208,0,0,0,896,2612,3039,8,5,87,0,0,1636449837,sdb,0.0,0.0,0.0,0,0
1,0,4352,1122864,983928,2957116,0,0,0,1084,3404,4461,10,7,84,0,0,1636449838,sdb,0.0,0.0,0.0,0,0
1,0,4352,1123016,983936,2957716,0,0,0,348,2004,2173,4,3,93,0,0,1636449839,sdb,0.0,0.0,0.0,0,0
1,0,4352,1122596,983944,2957692,0,0,0,312,2868,3503,8,5,86,1,0,1636449840,sdb,2.0,0.0,12.0,0,12
0,0,4352,1101832,983944,2957220,0,0,0,624,3933,3912,11,5,84,0,0,1636449841,sdb,0.0,0.0,0.0,0,0
3,0,4352,1102012,983944,2957048,0,0,0,1532,3279,4583,9,4,86,0,0,1636449842,sdb,0.0,0.0,0.0,0,0
0,0,4352,1101656,983944,2957232,0,0,0,1164,3193,4158,9,5,86,0,0,1636449843,sdb,0.0,0.0,0.0,0,0
0,0,4352,1101360,983952,2957224,0,0,0,408,2055,2570,5,4,92,0,0,1636449844,sdb,0.0,0.0,0.0,0,0
0,0,4352,1101616,983960,2957732,0,0,0,464,2636,2723,7,5,87,1,0,1636449845,sdb,2.0,0.0,12.0,0,12
0,0,4352,1118372,983960,2957724,0,0,0,456,1684,1939,5,3,93,0,0,1636449846,sdb,0.0,0.0,0.0,0,0
0,0,4352,1117980,983960,2958104,0,0,0,1200,2642,3075,9,5,86,0,0,1636449847,sdb,0.0,0.0,0.0,0,0
2,0,4352,1117932,983960,2958228,0,0,0,912,3781,4371,17,7,75,0,0,1636449848,sdb,0.0,0.0,0.0,0,0
0,0,4352,1118748,983968,2957220,0,0,0,360,2545,2632,5,4,91,0,0,1636449849,sdb,0.0,0.0,0.0,0,0
1,0,4352,1115112,983976,2957728,0,0,0,372,2721,3043,8,5,86,1,0,1636449850,sdb,0.0,0.0,0.0,0,0
0,0,4352,1115432,983976,2957736,0,0,0,320,2285,2289,8,3,89,0,0,1636449851,sdb,2.0,0.0,12.0,0,12
1,0,4352,1117008,983976,2957212,0,0,0,1520,2967,3959,10,5,86,0,0,1636449852,sdb,0.0,0.0,0.0,0,0
0,0,4352,1117132,983984,2957256,0,0,0,672,3026,4102,12,6,82,0,0,1636449853,sdb,1.0,0.0,52.0,0,52
0,0,4352,1117352,983992,2957244,0,0,0,392,1887,2248,5,3,92,0,0,1636449854,sdb,0.0,0.0,0.0,0,0
0,0,4352,1117160,984000,2957748,0,0,0,316,3785,4098,9,7,83,1,0,1636449855,sdb,0.0,0.0,0.0,0,0
0,0,4352,1117384,984000,2957764,0,0,0,316,1691,1803,4,3,93,0,0,1636449856,sdb,2.0,0.0,24.0,0,24
4,0,4352,1117732,984000,2957056,0,0,0,1392,2843,3236,10,6,85,0,0,1636449857,sdb,0.0,0.0,0.0,0,0
0,0,4352,1117452,984000,2957204,0,0,0,1124,3057,3918,10,5,85,0,0,1636449858,sdb,3.0,0.0,12.0,0,12
0,0,4352,1117484,984008,2957268,0,0,0,360,3524,3659,6,4,90,0,0,1636449859,sdb,0.0,0.0,0.0,0,0
1,0,4352,1116876,984016,2957604,0,0,0,1108,2402,2670,8,5,86,1,0,1636449860,sdb,0.0,0.0,0.0,0,0
0,0,4352,1116940,984016,2957768,0,0,0,300,2497,2700,4,4,92,0,0,1636449861,sdb,2.0,0.0,12.0,0,12
2,0,4352,1117552,984016,2957248,0,0,0,1052,3088,3806,12,6,82,0,0,1636449862,sdb,0.0,0.0,0.0,0,0
0,0,4352,1118184,984016,2957300,0,0,0,1060,3543,4659,13,6,81,0,0,1636449863,sdb,0.0,0.0,0.0,0,0
2,0,4352,1117924,984024,2957216,0,0,0,504,1674,1882,5,3,93,0,0,1636449864,sdb,0.0,0.0,0.0,0,0
0,1,4352,1116440,984032,2958580,0,0,0,636,2410,2539,8,5,86,0,0,1636449865,sdb,0.0,0.0,0.0,0,0
0,0,4352,1116472,984032,2958764,0,0,0,312,1620,1822,4,3,92,1,0,1636449866,sdb,2.0,0.0,12.0,0,12
1,0,4352,1111828,984032,2957276,0,0,0,596,4289,5007,16,5,79,0,0,1636449867,sdb,0.0,0.0,0.0,0,0
1,0,4352,1111788,984032,2957296,0,0,0,1204,2754,3432,8,5,87,0,0,1636449868,sdb,0.0,0.0,0.0,0,0
0,0,4352,1112008,984040,2957244,0,0,0,348,3181,3358,5,5,90,0,0,1636449869,sdb,0.0,0.0,0.0,0,0
1,1,4352,1119884,984048,2957752,0,0,0,1080,2310,2433,8,5,87,1,0,1636449870,sdb,0.0,0.0,0.0,0,0
0,0,4352,1119600,984048,2957768,0,0,0,412,2635,3100,7,4,89,1,0,1636449871,sdb,2.0,0.0,12.0,0,12
1,0,4352,1119876,984048,2957336,0,0,0,620,2685,3445,10,5,86,0,0,1636449872,sdb,0.0,0.0,0.0,0,0
3,0,4352,1119948,984048,2957280,0,0,0,1236,3320,4716,9,6,85,0,0,1636449873,sdb,0.0,0.0,0.0,0,0
0,0,4352,1119992,984056,2957260,0,0,0,356,1607,1882,5,3,92,0,0,1636449874,sdb,0.0,0.0,0.0,0,0
0,1,4352,1119820,984064,2957836,0,0,0,920,2454,2588,8,4,87,1,0,1636449875,sdb,0.0,0.0,0.0,0,0
1,0,4352,1119724,984064,2957836,0,0,0,312,1475,1526,5,3,92,1,0,1636449876,sdb,2.0,0.0,12.0,0,12
1,0,4352,1120040,984064,2957264,0,0,0,1324,4414,4974,19,5,77,0,0,1636449877,sdb,0.0,0.0,0.0,0,0
1,0,4352,1119820,984064,2957264,0,0,0,728,2727,3327,10,4,86,0,0,1636449878,sdb,0.0,0.0,0.0,0,0
0,0,4352,1120044,984072,2957396,0,0,0,524,2834,3182,6,3,91,0,0,1636449879,sdb,0.0,0.0,0.0,0,0
0,0,4352,1119788,984072,2957940,0,0,0,940,2400,2497,8,5,88,0,0,1636449880,sdb,0.0,0.0,0.0,0,0
0,0,4352,1119536,984080,2957872,0,0,0,684,2557,2960,6,4,89,1,0,1636449881,sdb,2.0,0.0,12.0,0,12
0,0,4352,1119724,984080,2957360,0,0,0,1652,3079,3392,11,5,84,0,0,1636449882,sdb,0.0,0.0,0.0,0,0
0,0,4352,1119724,984080,2957368,0,0,0,452,3308,4560,9,6,86,0,0,1636449883,sdb,0.0,0.0,0.0,0,0
0,0,4352,1119344,984088,2958396,0,0,0,712,1937,2018,5,3,92,0,0,1636449884,sdb,1.0,0.0,44.0,0,44
0,0,4352,1118868,984088,2958928,0,0,0,896,2641,2577,9,5,86,0,0,1636449885,sdb,0.0,0.0,0.0,0,0
0,0,4352,1119468,984096,2957900,0,0,0,416,1707,1641,5,3,91,1,0,1636449886,sdb,2.0,0.0,24.0,0,24
1,0,4352,1119692,984096,2957400,0,0,0,1452,4067,4737,10,6,84,0,0,1636449887,sdb,0.0,0.0,0.0,0,0
1,0,4352,1119152,984096,2957396,0,0,0,1072,2566,3414,9,5,86,0,0,1636449888,sdb,0.0,0.0,0.0,0,0
0,0,4352,1119404,984108,2957348,0,0,0,652,2919,3157,5,4,91,0,0,1636449889,sdb,0.0,0.0,0.0,0,0
1,0,4352,1119436,984108,2957872,0,0,0,748,2488,2425,7,5,88,0,0,1636449890,sdb,0.0,0.0,0.0,0,0
0,0,4352,1119308,984108,2957912,0,0,0,444,2746,3126,7,5,88,0,0,1636449891,sdb,0.0,0.0,0.0,0,0
1,0,4352,1119308,984116,2957396,0,0,0,936,2809,3312,11,6,82,2,0,1636449892,sdb,2.0,0.0,12.0,0,12
0,0,4352,1119560,984116,2957336,0,0,0,1188,3200,3927,9,6,85,0,0,1636449893,sdb,0.0,0.0,0.0,0,0
0,0,4352,1119560,984124,2957340,0,0,0,352,2037,2124,5,4,91,0,0,1636449894,sdb,3.0,0.0,12.0,0,12
1,0,4352,1119592,984124,2957412,0,0,0,912,3248,3682,11,4,84,0,0,1636449895,sdb,0.0,0.0,0.0,0,0
0,0,4352,1119308,984124,2957928,0,0,0,308,1717,1690,6,4,90,0,0,1636449896,sdb,0.0,0.0,0.0,0,0
0,0,4352,1119056,984132,2957932,0,0,0,1388,4073,5018,11,6,82,1,0,1636449897,sdb,2.0,0.0,12.0,0,12
0,0,4352,1119088,984132,2957416,0,0,0,1220,2647,3123,9,4,87,0,0,1636449898,sdb,0.0,0.0,0.0,0,0
0,0,4352,1118584,984140,2958524,0,0,0,352,2788,3031,5,4,91,0,0,1636449899,sdb,0.0,0.0,0.0,0,0
0,0,4352,1118300,984140,2958516,0,0,0,600,2389,2461,8,4,88,0,0,1636449900,sdb,0.0,0.0,0.0,0,0
0,0,4352,1118804,984140,2957364,0,0,0,472,2881,3105,6,4,90,0,0,1636449901,sdb,0.0,0.0,0.0,0,0
0,0,4352,1118560,984148,2957936,0,0,0,1380,2980,3551,9,6,84,1,0,1636449902,sdb,2.0,0.0,12.0,0,12
2,0,4352,1118560,984148,2957412,0,0,0,800,2876,3681,8,5,87,0,0,1636449903,sdb,0.0,0.0,0.0,0,0
1,0,4352,1117520,984156,2958448,0,0,0,332,1696,1796,5,4,92,0,0,1636449904,sdb,0.0,0.0,0.0,0,0
0,0,4352,1117552,984156,2958388,0,0,0,312,3386,3833,8,6,86,0,0,1636449905,sdb,0.0,0.0,0.0,0,0
1,0,4352,1118244,984156,2957876,0,0,0,140,1600,1713,5,3,92,0,0,1636449906,sdb,0.0,0.0,0.0,0,0
1,0,4352,1118352,984164,2957988,0,0,0,1108,3803,4687,11,7,81,1,0,1636449907,sdb,2.0,0.0,12.0,0,12
0,0,4352,1118408,984164,2957468,0,0,0,1104,2671,3176,9,4,86,0,0,1636449908,sdb,0.0,0.0,0.0,0,0
0,0,4352,1118344,984172,2957400,0,0,0,512,2593,3038,5,4,91,0,0,1636449909,sdb,0.0,0.0,0.0,0,0
0,0,4352,1118312,984172,2957396,0,0,0,920,2540,2532,7,5,88,0,0,1636449910,sdb,0.0,0.0,0.0,0,0
0,0,4352,1118028,984172,2957404,0,0,0,312,1828,1854,5,4,91,0,0,1636449911,sdb,0.0,0.0,0.0,0,0
0,0,4352,1118180,984180,2957968,0,0,0,1256,2825,3333,10,5,84,1,0,1636449912,sdb,2.0,0.0,12.0,0,12
0,0,4352,1117680,984180,2957972,0,0,0,1084,3308,4685,12,4,84,0,0,1636449913,sdb,0.0,0.0,0.0,0,0
0,0,4352,1117680,984188,2957448,0,0,0,232,1699,1852,5,4,92,0,0,1636449914,sdb,0.0,0.0,0.0,0,0
0,0,4352,1117364,984188,2957456,0,0,0,444,3632,4120,8,6,87,0,0,1636449915,sdb,1.0,0.0,48.0,0,48
0,0,4352,1117332,984188,2957464,0,0,0,468,1544,1504,6,3,91,0,0,1636449916,sdb,0.0,0.0,0.0,0,0
0,0,4352,1117680,984196,2957936,0,0,0,1228,3746,5115,10,6,83,1,0,1636449917,sdb,2.0,0.0,24.0,0,24
0,0,4352,1117772,984196,2957960,0,0,0,1028,2795,3388,11,4,85,0,0,1636449918,sdb,0.0,0.0,0.0,0,0
1,0,4352,1117708,984208,2957424,0,0,0,516,2248,2805,5,3,92,0,0,1636449919,sdb,0.0,0.0,0.0,0,0
1,0,4352,1117676,984208,2957492,0,0,0,460,2418,2426,8,5,88,0,0,1636449920,sdb,0.0,0.0,0.0,0,0
1,0,4352,1117580,984208,2957476,0,0,0,140,1755,1823,4,3,92,0,0,1636449921,sdb,0.0,0.0,0.0,0,0
0,0,4352,1117232,984216,2957944,0,0,0,968,2954,3547,11,6,82,1,0,1636449922,sdb,2.0,0.0,12.0,0,12
0,0,4352,1117136,984216,2957952,0,0,0,1356,4075,4691,10,6,84,0,0,1636449923,sdb,0.0,0.0,0.0,0,0
1,0,4352,1116380,984224,2958548,0,0,0,352,1612,1732,5,3,93,0,0,1636449924,sdb,0.0,0.0,0.0,0,0
0,0,4352,1116380,984224,2958540,0,0,0,908,3368,3744,9,5,86,0,0,1636449925,sdb,0.0,0.0,0.0,0,0
0,0,4352,1117136,984224,2957508,0,0,0,140,1528,1639,4,3,93,0,0,1636449926,sdb,0.0,0.0,0.0,0,0
0,0,4352,1117104,984232,2958040,0,0,0,1520,3608,4790,11,6,82,1,0,1636449927,sdb,1.0,0.0,8.0,0,8
0,0,4352,1117136,984232,2958028,0,0,0,588,2839,3736,9,4,86,0,0,1636449928,sdb,1.0,0.0,4.0,0,4
1,0,4352,1108064,984240,2957516,0,0,0,656,2618,3161,11,4,85,0,0,1636449929,sdb,0.0,0.0,0.0,0,0
0,0,4352,1098960,984240,2957460,0,0,0,440,2334,2336,11,3,86,0,0,1636449930,sdb,0.0,0.0,0.0,0,0
0,0,4352,1117576,984240,2957448,0,0,0,140,1667,1754,5,3,92,0,0,1636449931,sdb,0.0,0.0,0.0,0,0
0,0,4352,1117576,984248,2958044,0,0,0,1212,3026,3422,14,5,80,1,0,1636449932,sdb,0.0,0.0,0.0,0,0
0,0,4352,1117292,984248,2958056,0,0,0,752,4032,4847,11,7,82,0,0,1636449933,sdb,2.0,0.0,12.0,0,12
0,0,4352,1118048,984256,2957484,0,0,0,492,1585,1815,5,3,93,0,0,1636449934,sdb,0.0,0.0,0.0,0,0
1,0,4352,1118048,984256,2957484,0,0,0,608,3731,4377,10,6,84,0,0,1636449935,sdb,3.0,0.0,12.0,0,12
0,0,4352,1117552,984256,2957544,0,0,0,444,1628,1578,4,3,93,0,0,1636449936,sdb,0.0,0.0,0.0,0,0
0,0,4352,1117048,984264,2958052,0,0,0,1360,3616,4754,9,6,85,1,0,1636449937,sdb,0.0,0.0,0.0,0,0
0,0,4352,1117080,984264,2957988,0,0,0,1272,2698,3326,9,5,87,0,0,1636449938,sdb,2.0,0.0,12.0,0,12
1,0,4352,1117048,984272,2957492,0,0,0,192,2311,2996,6,3,91,0,0,1636449939,sdb,0.0,0.0,0.0,0,0
0,0,4352,1116796,984272,2957552,0,0,0,748,2345,2397,7,4,89,0,0,1636449940,sdb,0.0,0.0,0.0,0,0
0,0,4352,1116828,984272,2957556,0,0,0,296,1610,1805,4,3,93,0,0,1636449941,sdb,0.0,0.0,0.0,0,0
0,0,4352,1116632,984280,2957856,0,0,0,1252,2965,3554,9,6,84,1,0,1636449942,sdb,0.0,0.0,0.0,0,0
0,0,4352,1115332,984280,2959112,0,0,0,1084,3901,4853,10,5,85,0,0,1636449943,sdb,2.0,0.0,12.0,0,12
1,0,4352,1115836,984288,2958600,0,0,0,460,1594,1904,7,3,90,0,0,1636449944,sdb,0.0,0.0,0.0,0,0
0,0,4352,1117128,984288,2957516,0,0,0,944,3170,3929,7,5,88,0,0,1636449945,sdb,1.0,0.0,48.0,0,48
0,0,4352,1117136,984288,2957516,0,0,0,156,1586,1600,5,3,92,0,0,1636449946,sdb,0.0,0.0,0.0,0,0
3,0,4352,1116640,984296,2957848,0,0,0,1380,3421,4505,9,6,84,1,0,1636449947,sdb,0.0,0.0,0.0,0,0
0,0,4352,1116324,984296,2958100,0,0,0,1028,2533,3144,8,4,88,0,0,1636449948,sdb,2.0,0.0,24.0,0,24
0,0,4352,1116228,984304,2957508,0,0,0,620,1767,1920,5,3,92,0,0,1636449949,sdb,0.0,0.0,0.0,0,0
0,0,4352,1116040,984304,2957596,0,0,0,748,2497,2413,9,4,87,0,0,1636449950,sdb,0.0,0.0,0.0,0,0
0,0,4352,1116040,984304,2957604,0,0,0,160,1675,1811,5,3,91,0,0,1636449951,sdb,0.0,0.0,0.0,0,0
1,0,4352,1116104,984312,2957588,0,0,0,600,3020,3596,8,6,85,1,0,1636449952,sdb,0.0,0.0,0.0,0,0
0,0,4352,1115852,984312,2958116,0,0,0,676,3508,4270,10,7,83,0,0,1636449953,sdb,2.0,0.0,12.0,0,12
1,0,4352,1115852,984320,2958112,0,0,0,636,2639,2746,6,4,91,0,0,1636449954,sdb,0.0,0.0,0.0,0,0
0,0,4352,1115348,984320,2957596,0,0,0,152,3141,3491,7,5,87,0,0,1636449955,sdb,0.0,0.0,0.0,0,0
0,0,4352,1115600,984320,2957592,0,0,0,148,2024,2188,4,3,93,0,0,1636449956,sdb,0.0,0.0,0.0,0,0
1,0,4352,1115376,984328,2957584,0,0,0,904,3124,3789,13,6,81,1,0,1636449957,sdb,0.0,0.0,0.0,0,0
0,0,4352,1115156,984328,2958112,0,0,0,896,2944,3621,9,6,86,0,0,1636449958,sdb,2.0,0.0,12.0,0,12
4,0,4352,1114868,984340,2958116,0,0,0,652,3530,3718,7,4,89,0,0,1636449959,sdb,0.0,0.0,0.0,0,0
0,0,4352,1115428,984340,2957668,0,0,0,1052,2609,2486,8,4,88,0,0,1636449960,sdb,0.0,0.0,0.0,0,0
0,0,4352,1115428,984340,2957696,0,0,0,448,2259,2371,5,3,92,0,0,1636449961,sdb,0.0,0.0,0.0,0,0
2,0,4352,1114984,984340,2957556,0,0,0,1224,3401,4080,10,6,85,0,0,1636449962,sdb,0.0,0.0,0.0,0,0
0,0,4352,1114260,984348,2959096,0,0,0,744,3254,4049,10,5,84,1,0,1636449963,sdb,2.0,0.0,12.0,0,12
0,0,4352,1114308,984360,2959144,0,0,0,48,2759,2927,5,5,90,0,0,1636449964,sdb,0.0,0.0,0.0,0,0
2,0,4352,1115696,984360,2957608,0,0,0,476,2845,3284,8,5,87,0,0,1636449965,sdb,0.0,0.0,0.0,0,0
2,0,4352,1115696,984360,2957536,0,0,0,152,2200,2388,4,4,92,0,0,1636449966,sdb,0.0,0.0,0.0,0,0
3,0,4352,1115820,984360,2957548,0,0,0,1176,3068,3713,11,5,84,0,0,1636449967,sdb,0.0,0.0,0.0,0,0
3,0,4352,1115728,984368,2958128,0,0,0,1256,2366,3100,7,5,87,1,0,1636449968,sdb,2.0,0.0,12.0,0,12
1,0,4352,1115760,984376,2958132,0,0,0,636,2259,2518,6,4,90,0,0,1636449969,sdb,0.0,0.0,0.0,0,0
2,0,4352,1115760,984400,2957568,0,0,0,984,3193,3319,8,5,87,0,0,1636449970,sdb,0.0,0.0,0.0,0,0
0,0,4352,1115760,984400,2957576,0,0,0,160,2303,2310,9,3,82,6,0,1636449971,sdb,5.0,1.5,0.0,1,0
1,0,4352,1115444,984400,2957672,0,0,0,1368,4245,4937,11,7,82,0,0,1636449972,sdb,0.0,0.0,0.0,0,0
2,0,4352,1114908,984408,2958156,0,0,0,908,2820,3352,8,6,86,1,0,1636449973,sdb,2.0,0.0,12.0,0,12
0,0,4352,1114844,984416,2958100,0,0,0,512,2778,2850,5,4,91,0,0,1636449974,sdb,0.0,0.0,0.0,0,0
1,0,4352,1115128,984416,2957608,0,0,0,456,2576,2667,8,5,88,0,0,1636449975,sdb,0.0,0.0,0.0,0,0
0,0,4352,1114844,984420,2957608,0,0,0,344,2780,2998,5,4,92,0,0,1636449976,sdb,1.0,0.0,48.0,0,48
0,0,4352,1115096,984420,2957680,0,0,0,1212,3225,3989,11,6,82,0,0,1636449977,sdb,0.0,0.0,0.0,0,0
3,0,4352,1115096,984428,2957688,0,0,0,1100,2702,3238,8,5,87,1,0,1636449978,sdb,2.0,0.0,24.0,0,24
1,0,4352,1114624,984440,2958128,0,0,0,672,3297,3473,5,5,90,0,0,1636449979,sdb,0.0,0.0,0.0,0,0
1,0,4352,1114372,984440,2958204,0,0,0,296,2303,2461,7,4,89,0,0,1636449980,sdb,0.0,0.0,0.0,0,0
1,0,4352,1114656,984440,2957700,0,0,0,624,2012,2078,5,3,92,0,0,1636449981,sdb,3.0,0.0,12.0,0,12
4,0,4352,1113176,984440,2957704,0,0,0,1252,4024,4834,11,6,83,0,0,1636449982,sdb,0.0,0.0,0.0,0,0
2,0,4352,1113212,984448,2958732,0,0,0,596,2748,3276,8,5,87,1,0,1636449983,sdb,2.0,0.0,12.0,0,12
2,0,4352,1113216,984460,2959232,0,0,0,808,3484,3476,9,4,86,0,0,1636449984,sdb,0.0,0.0,0.0,0,0
3,0,4352,1114100,984460,2958216,0,0,0,612,2372,2352,9,4,87,0,0,1636449985,sdb,0.0,0.0,0.0,0,0
1,0,4352,1114480,984460,2957708,0,0,0,300,2064,2311,7,4,90,0,0,1636449986,sdb,0.0,0.0,0.0,0,0
1,0,4352,1117612,984460,2957820,0,0,0,1532,4010,6305,10,6,84,0,0,1636449987,sdb,0.0,0.0,0.0,0,0
0,0,4352,1117812,984460,2957820,0,0,0,0,1140,1346,2,2,96,0,0,1636449988,sdb,0.0,0.0,0.0,0,0
